open,high,low,close,volume,trade_count,vwap,target
248.93,249.1,241.8201,243.85,55740731.0,685448.0,244.339399,0
243.36,244.18,241.89,243.36,40244114.0,493786.0,243.069441,1
244.31,247.33,243.2,245.0,45045571.0,493920.0,245.23906,0
242.98,245.55,241.35,242.21,40855960.0,462887.0,243.011137,1
241.92,243.7123,240.05,242.7,37628940.0,406916.0,242.272854,0
240.01,240.16,233.0,236.85,61710856.0,685976.0,236.564899,0
233.53,234.67,229.72,234.4,49630725.0,561231.0,232.601034,0
234.75,236.12,232.472,233.28,39435294.0,436333.0,233.949347,1
234.635,238.96,234.43,237.87,39831969.0,418804.0,237.596688,0
237.35,238.01,228.03,228.26,71759052.0,786112.0,230.597381,1
232.115,232.29,228.48,229.98,68488301.0,579302.0,230.573333,0
224.0,224.42,219.38,222.64,98070429.0,1220197.0,221.551566,1
219.79,224.12,219.79,223.83,64126500.0,683037.0,222.720781,0
224.74,227.03,222.3,223.66,60234760.0,619806.0,224.1898,0
224.78,225.63,221.41,222.78,54697907.0,579473.0,223.094438,1
224.02,232.15,223.98,229.86,94863418.0,1008209.0,229.066419,1
230.85,240.19,230.81,238.26,75707569.0,788818.0,237.590259,1
234.12,239.855,234.01,239.36,45486100.0,515214.0,237.532995,0
238.665,240.79,237.21,237.59,55658279.0,636380.0,238.666258,0
247.19,247.19,233.44,236.0,101075128.0,936710.0,238.739716,0
229.99,231.83,225.7,228.01,72998404.0,850831.0,228.158376,1
227.25,233.13,226.65,232.8,44902694.0,494709.0,231.209491,0
228.53,232.67,228.27,232.47,39664989.0,445631.0,230.958037,1
231.285,233.8,230.425,233.22,29925349.0,375401.0,232.379795,0
232.6,234.0,227.26,227.63,39487057.0,484221.0,229.183241,1
229.57,230.585,227.2,227.65,33102191.0,398008.0,228.551097,1
228.2,235.23,228.13,232.62,53718362.0,552127.0,232.735086,1
231.2,236.96,230.68,236.87,45243292.0,486475.0,235.145378,1
236.91,242.3399,235.57,241.53,53614054.0,531132.0,240.36593,1
241.25,245.55,240.99,244.6,40896227.0,481732.0,244.066726,0
244.15,245.18,241.84,244.47,48822491.0,486720.0,244.072787,1
244.66,246.01,243.1604,244.87,32146308.0,382617.0,244.699147,1
244.94,246.78,244.29,245.83,32316907.0,405771.0,245.643641,0
245.95,248.69,245.22,245.55,53197431.0,508398.0,246.384922,1
244.925,248.86,244.42,247.1,51326396.0,593130.0,247.302823,0
248.0,250.0,244.91,247.04,48013272.0,574045.0,247.548096,0
244.33,244.98,239.13,240.36,44433564.0,557242.0,241.664944,0
239.41,242.46,237.06,237.3,41153639.0,503479.0,239.443587,1
236.95,242.09,230.2,241.84,56833360.0,572585.0,239.403148,0
241.79,244.0272,236.112,238.03,47183985.0,557039.0,239.978276,0
237.705,240.07,234.68,235.93,53798062.0,685400.0,237.505567,0
235.42,236.55,229.23,235.74,47227643.0,558645.0,233.781766,0
234.435,237.86,233.1581,235.33,45170419.0,551790.0,235.298577,1
235.105,241.37,234.76,239.07,46273565.0,581196.0,238.940422,0
235.54,236.16,224.22,227.48,72071197.0,1152721.0,227.623563,0
223.805,225.8399,217.45,220.84,76137410.0,899698.0,221.096091,0
220.14,221.75,214.91,216.98,62547467.0,792931.0,217.596761,0
215.95,216.8394,208.42,209.68,61368330.0,768934.0,212.024245,1
211.25,213.95,209.58,213.49,60107582.0,668917.0,212.466779,1
213.31,215.22,209.97,214.0,48073426.0,577436.0,213.202242,0
214.16,215.15,211.49,212.69,42432426.0,493004.0,213.10947,1
214.22,218.76,213.75,215.24,54385391.0,524678.0,215.609629,0
213.99,217.4899,212.22,214.1,48862947.0,499769.0,214.396693,1
211.56,218.84,211.28,218.27,94127768.0,496948.0,215.734078,1
221.0,221.48,218.58,220.73,44299483.0,495018.0,220.082882,1
220.77,224.1,220.08,223.75,34493583.0,407132.0,223.117364,0
223.51,225.02,220.47,221.53,34532656.0,440452.0,222.527802,1
221.39,224.99,220.5601,223.85,37094774.0,387119.0,223.354994,0
221.67,223.81,217.68,217.9,39818617.0,485185.0,219.364708,1
217.005,225.62,216.23,222.13,65298894.0,646558.0,220.644612,1
219.805,223.68,218.9,223.19,36412740.0,594670.0,222.333555,1
221.315,225.19,221.02,223.89,35905904.0,473114.0,223.770488,0
205.54,207.49,201.25,203.19,103418915.0,1366636.0,204.016333,0
193.89,199.88,187.34,188.38,125908914.0,1716108.0,192.430879,0
177.2,194.15,174.62,181.46,160466286.0,2117015.0,180.47395,0
186.7,190.335,169.2101,172.42,120853216.0,1671395.0,179.164809,1
171.95,200.61,171.89,198.85,184386792.0,2212850.0,188.345233,0
189.065,194.7799,183.0,190.42,121879981.0,1500041.0,189.875437,1
186.1,199.54,186.06,198.15,87435915.0,1073191.0,195.686718,1
211.44,212.94,201.1621,202.52,101352911.0,1272714.0,205.417854,0
201.855,203.51,199.8,202.14,51343872.0,595846.0,202.184277,0
198.36,200.7,192.37,194.27,59732423.0,744249.0,195.847681,1
197.2,198.8335,194.42,196.98,52164408.0,537912.0,196.897749,0
193.265,193.8,189.8112,193.16,46742537.0,576340.0,191.966857,1
196.12,201.59,195.97,199.74,52976297.0,608787.0,199.219833,1
206.0,208.0,202.799,204.6,52929165.0,664354.0,205.344795,1
204.89,208.8299,202.94,208.37,47310989.0,490831.0,207.133886,1
206.365,209.75,206.2,209.28,38222258.0,469917.0,208.424899,1
210.0,211.5,207.46,210.14,38743074.0,436969.0,209.664384,1
208.693,212.24,208.37,211.21,36827633.0,403524.0,211.011514,1
209.3,213.58,206.6705,212.5,52286454.0,501667.0,211.321946,1
209.08,214.56,208.9,213.32,57365675.0,712566.0,212.465753,0
206.09,206.99,202.16,205.35,101010621.0,1100613.0,204.784489,0
203.1,204.1,198.21,198.89,69018452.0,770697.0,199.723715,0
198.21,200.65,197.02,198.51,51216482.0,529849.0,198.863683,0
199.17,199.44,193.25,196.25,68616943.0,753075.0,195.89945,1
197.72,200.05,194.6796,197.49,50478872.0,599001.0,197.774244,1
199.0,200.5399,197.535,198.53,36453923.0,423067.0,198.727532,1
210.97,211.2679,206.75,210.79,63775814.0,806841.0,209.671497,1
210.43,213.4,209.0,212.93,51909332.0,608884.0,211.920893,0
212.43,213.94,210.5801,212.33,49325825.0,596267.0,212.274905,0
210.95,212.96,209.54,211.45,45029473.0,550863.0,211.302042,0
212.36,212.57,209.77,211.26,54737850.0,512788.0,211.318133,0
207.91,209.48,204.26,208.78,46140527.0,617742.0,207.544666,0
207.67,208.47,205.03,206.86,42496635.0,511393.0,207.012839,0
205.17,207.04,200.71,202.09,59211774.0,783994.0,203.41488,0
200.71,202.75,199.7,201.36,46742407.0,615608.0,201.381366,0
193.665,197.7,193.46,195.27,78432918.0,1035410.0,195.921086,1
198.3,200.74,197.43,200.21,56288475.0,710445.0,199.536657,1
200.59,202.73,199.9,200.42,45339678.0,549615.0,200.829719,0
203.575,203.81,198.51,199.95,51477938.0,652509.0,200.374911,1
199.37,201.96,196.78,200.85,70819942.0,605924.0,199.860142,1
200.28,202.13,200.12,201.7,35423294.0,501431.0,201.213591,1
201.35,203.77,200.955,203.27,46381567.0,519820.0,202.782254,0
202.91,206.24,202.1,202.82,43603985.0,568214.0,203.716632,0
203.5,204.75,200.15,200.63,55221235.0,637645.0,201.868062,1
203.0,205.7,202.05,203.92,46607693.0,556357.0,204.114905,0
204.39,206.0,200.02,201.45,72862557.0,860118.0,202.490754,1
200.6,204.35,200.57,202.67,54672608.0,611323.0,202.546622,0
203.5,204.5,198.41,198.78,60989857.0,770310.0,200.489444,1
199.08,199.68,197.3601,199.2,43904635.0,541843.0,198.668035,0
199.73,200.37,195.7,196.45,51447349.0,716210.0,197.004454,1
197.3,198.685,196.5636,198.42,43020691.0,568354.0,197.888661,0
197.2,198.39,195.21,195.64,38856152.0,522902.0,196.52036,1
195.94,197.57,195.07,196.58,45394689.0,520881.0,196.454302,1
198.235,201.7,196.855,201.0,96813542.0,680915.0,199.755548,1
201.625,202.3,198.96,201.5,55814272.0,618980.0,201.156272,0
202.59,203.44,200.2,200.3,54064033.0,666917.0,201.407206,1
201.45,203.67,200.6201,201.56,39525730.0,514978.0,201.806037,0
201.43,202.64,199.46,201.0,50799121.0,622887.0,200.611564,1
201.89,203.22,200.0,201.08,73188571.0,596078.0,201.460865,1
202.01,207.39,199.2607,205.17,91912816.0,914593.0,203.385379,1
206.665,210.1865,206.1401,207.82,78788867.0,970491.0,208.197107,1
208.91,213.34,208.14,212.44,67941811.0,798402.0,211.791667,1
212.145,214.65,211.8101,213.55,34955836.0,432780.0,213.610276,0
212.68,216.23,208.8,209.95,50228984.0,670324.0,211.178545,1
210.1,211.43,208.45,210.01,42848928.0,512140.0,209.909746,1
209.53,211.33,207.22,211.14,48749367.0,590796.0,209.522103,1
210.505,213.48,210.03,212.41,44443634.0,545130.0,212.263512,0
210.565,212.13,209.86,211.16,39765812.0,431665.0,211.018793,0
209.925,210.91,207.54,208.62,38840111.0,525534.0,208.757364,1
209.22,211.89,208.92,209.11,42296339.0,526311.0,210.153548,1
210.295,212.4,208.64,210.16,47483372.0,535726.0,210.422945,0
210.57,211.8,209.59,210.02,48067750.0,574969.0,210.556305,1
210.87,211.79,209.7045,211.18,48972900.0,478837.0,210.88438,1
212.1,215.78,211.63,212.48,51377434.0,651657.0,213.488308,1
213.14,214.95,212.2301,214.4,46404072.0,549182.0,213.663056,0
215.0,215.15,212.41,214.15,46989301.0,497904.0,213.736683,0
213.9,215.69,213.53,213.76,46022620.0,505013.0,214.425445,1
214.7,215.24,213.4,213.88,40268781.0,409972.0,214.176039,1
214.03,214.845,213.06,214.05,37858017.0,425354.0,214.045208,0
214.175,214.81,210.82,211.27,51411723.0,537963.0,212.167781,0
211.895,212.39,207.72,209.05,45511423.0,542328.0,209.617522,0
208.49,209.84,207.16,207.57,80698431.0,827514.0,208.381893,0
210.865,213.58,201.5,202.38,104434473.0,1201399.0,204.674792,1
204.505,207.88,201.675,203.35,75109298.0,785189.0,204.429327,0
203.4,205.34,202.16,202.92,44155079.0,491748.0,203.616581,1
205.63,215.38,205.59,213.25,108483103.0,1104103.0,212.69907,1
218.875,220.85,216.58,220.03,90224834.0,1007838.0,219.300466,1
220.83,231.0,219.25,229.35,113853967.0,1135405.0,227.258264,0
227.92,229.56,224.76,227.18,61806132.0,692122.0,227.313985,1
228.005,230.8,227.07,229.65,55672301.0,561508.0,229.351117,1
231.07,235.0,230.43,233.33,69878546.0,740719.0,232.806434,0
234.055,235.12,230.85,232.78,51916275.0,558697.0,232.705778,0
234.0,234.28,229.335,231.59,56038657.0,503028.0,231.704507,0
231.7,233.12,230.11,230.89,37476188.0,430736.0,231.217025,0
231.275,232.87,229.35,230.56,39402564.0,445624.0,230.871535,0
229.98,230.47,225.77,226.01,42263865.0,527559.0,226.822557,0
226.27,226.52,223.7804,224.9,30621249.0,406761.0,224.999731,1
226.17,229.09,225.41,227.76,42477811.0,488076.0,227.773995,0
226.48,229.3,226.23,227.16,30983133.0,426385.0,228.00732,1
226.87,229.49,224.69,229.31,54575107.0,405233.0,228.201037,1
228.61,230.9,228.26,230.49,31259513.0,387841.0,230.001615,1
230.82,233.41,229.335,232.56,38074700.0,423338.0,232.080517,0
232.51,233.38,231.37,232.14,39391509.0,428697.0,232.323694,0
229.25,230.85,226.97,229.72,44075638.0,598029.0,229.020572,1
237.21,238.85,234.36,238.47,66427835.0,898535.0,236.992971,1
238.45,239.8999,236.74,239.78,47549429.0,541770.0,238.494545,0
239.995,241.32,238.4901,239.69,54848690.0,610605.0,239.673194,0
239.3,240.15,236.34,237.88,48999495.0,563611.0,238.196856,0
237.0,238.7805,233.36,234.35,66313918.0,757845.0,235.615688,0
232.185,232.42,225.95,226.79,83440810.0,1031749.0,227.773239,1
226.875,230.45,226.65,230.03,50195174.0,592763.0,229.186016,1
229.22,234.51,229.02,234.07,55824216.0,602121.0,233.263743,1
237.0,238.19,235.03,236.7,42699524.0,575938.0,236.366102,1
237.175,241.22,236.3235,238.15,63421099.0,679032.0,238.882029,1
238.97,240.1,237.7301,238.99,46508017.0,509297.0,239.223445,0
239.97,241.2,236.65,237.88,44249576.0,517293.0,238.045428,1
241.225,246.3,240.2106,245.5,163741314.0,908635.0,244.355209,1
248.3,256.64,248.12,256.08,105517416.0,1183543.0,253.949432,0
255.875,257.34,253.58,254.43,60275187.0,673983.0,255.189809,0
255.22,255.74,251.04,252.31,42303710.0,491242.0,252.271211,1
253.205,257.17,251.712,256.87,55202075.0,625867.0,254.78271,0
254.095,257.6,253.78,255.46,46076258.0,550704.0,255.515387,0
254.56,255.0,253.01,254.43,40127687.0,489835.0,254.01784,1
254.855,255.919,253.11,254.63,37704259.0,439294.0,254.552522,1
255.04,258.79,254.93,255.45,48713940.0,535581.0,256.024007,1
256.575,258.18,254.15,257.13,42630239.0,485229.0,256.906581,1
254.665,259.24,253.95,258.02,49155614.0,706052.0,257.943045,0
257.99,259.07,255.05,256.69,44664118.0,649161.0,256.913498,0
256.805,257.4,255.43,256.48,31955776.0,511382.0,256.418255,1
256.52,258.52,256.11,258.06,36496895.0,395556.0,257.816008,0
257.805,258.0,253.14,254.04,38322012.0,536585.0,254.546845,0
254.94,256.38,244.0,245.27,61999098.0,908253.0,248.52861,1
249.38,249.69,245.56,247.66,38142942.0,614923.0,247.885625,1
246.6,248.845,244.7,247.77,35477986.0,533528.0,247.379341,1
249.485,251.82,247.47,249.34,33893611.0,528880.0,249.637944,0
248.25,249.04,245.13,247.45,39776974.0,616258.0,247.367783,1
248.02,253.38,247.27,252.29,49146961.0,634830.0,250.730053,1
255.885,264.375,255.63,262.24,90483029.0,1160822.0,261.743669,1
261.88,265.29,261.83,262.77,46692347.0,714858.0,263.454079,0
262.65,262.85,255.43,258.45,45011970.0,687110.0,258.688074,1
259.94,260.62,258.0101,259.58,32752139.0,482428.0,259.55946,1
261.19,264.13,259.18,262.82,38253517.0,599532.0,262.561732,1
264.88,269.12,264.6501,268.81,44888052.0,661981.0,267.017412,1
268.985,269.89,268.15,269.0,41534547.0,585457.0,269.003607,1
269.275,271.41,267.11,269.7,51086742.0,687375.0,269.541758,1
271.99,274.14,268.48,271.4,69886281.0,984732.0,271.298242,0
276.99,277.32,269.16,270.37,86167123.0,1013846.0,271.334686,0
270.42,270.85,266.25,269.05,50194583.0,731851.0,268.158598,1
268.325,271.486,267.615,270.04,49274846.0,713303.0,269.848198,1
268.61,271.7,266.93,270.14,43683072.0,588621.0,269.802736,0
267.89,273.4,267.89,269.77,51204045.0,718679.0,270.769052,0
269.795,272.29,266.77,268.47,48227365.0,754451.0,268.99162,1
268.96,273.73,267.455,269.43,41312412.0,675207.0,270.06817,1
269.81,275.91,269.8,275.25,46208318.0,702875.0,274.120398,0
275.0,275.73,271.7,273.47,48397982.0,591930.0,273.72539,0
274.11,276.699,272.09,272.95,49602794.0,684410.0,273.46036,0
271.05,275.96,269.6,272.41,47431331.0,705592.0,273.103052,0
268.815,270.49,265.73,267.46,45018260.0,705791.0,267.823388,0
269.99,270.71,265.32,267.44,45677278.0,706583.0,267.729563,1
265.525,272.21,265.5,268.56,40424492.0,626377.0,269.350428,0
270.83,275.43,265.92,266.25,45823568.0,756494.0,269.604333,1
265.95,273.33,265.67,271.49,59030832.0,794102.0,270.477701,1
270.9,277.0,270.9,275.92,65585796.0,755844.0,275.340659,1
275.27,280.38,275.25,276.97,46914220.0,667295.0,278.139723,1
276.96,279.53,276.63,277.55,33431423.0,538937.0,278.051861,1
277.26,279.0,275.9865,278.85,20135620.0,369623.0,277.611028,1
278.01,283.42,276.14,283.1,46587722.0,644276.0,280.928412,1
283.0,287.4,282.6301,286.19,53669532.0,682387.0,285.620557,0
286.2,288.62,283.3,284.15,43538687.0,626171.0,285.633825,0
284.095,284.73,278.59,280.7,43989056.0,622885.0,280.733101,0
280.54,281.14,278.05,278.78,47265845.0,551753.0,279.205908,0
278.13,279.6693,276.15,277.89,38211832.0,604852.0,277.492407,0
278.16,280.03,276.92,277.18,32193256.0,509389.0,277.838531,1
277.75,279.75,276.44,278.78,33038318.0,517045.0,278.483729,0
279.095,279.59,273.81,278.03,33247986.0,578987.0,277.100462,1
277.9,279.22,276.82,278.28,39532887.0,597250.0,278.24054,0
280.15,280.15,272.84,274.11,50409078.0,723431.0,274.501809,1
272.82,275.5,271.79,274.61,37648628.0,569202.0,273.872883,0
275.01,276.16,271.64,271.84,50138743.0,624189.0,272.960593,1
273.605,273.63,266.95,272.19,51630721.0,658922.0,271.260997,1
272.145,274.6,269.9,273.67,144632048.0,690849.0,272.817727,0
272.86,273.88,270.505,270.97,36571827.0,613487.0,271.552592,1
270.84,272.5,269.56,272.36,29641999.0,494061.0,271.797736,1
272.34,275.43,272.195,273.81,17910574.0,344039.0,274.293647,0
274.16,275.37,272.86,273.4,21521802.0,427277.0,274.097572,1
272.69,274.36,272.35,273.76,23715213.0,478414.0,273.625521,0
272.81,274.08,272.28,273.08,22139617.0,431190.0,273.04204,0
273.06,273.68,271.75,271.86,27293639.0,421948.0,272.306844,0
272.255,277.84,269.0,271.01,37838054.0,642187.0,271.97566,0
270.64,271.51,266.14,267.26,45572200.0,752822.0,267.974574,0
267.0,267.55,262.12,262.36,52352090.0,783173.0,263.146904,0
263.2,263.68,259.81,260.33,48309804.0,732706.0,261.431297,0
257.02,259.29,255.7,259.04,50419337.0,764090.0,257.400524,1
259.075,260.21,256.22,259.37,39996967.0,649745.0,258.681183,1
259.16,261.3,256.8,260.25,45263767.0,664531.0,260.008591,1
258.72,261.81,258.39,261.05,45730847.0,602102.0,260.4119,0
259.49,261.82,256.71,259.96,40019421.0,612223.0,259.195963,0
260.65,261.04,257.05,258.21,39388564.0,601833.0,259.008116,0
257.9,258.9,254.93,255.53,72142773.0,661895.0,256.34524,0
252.73,254.79,243.42,246.7,80267517.0,1016079.0,248.18664,1
248.7,251.56,245.18,247.65,54641725.0,806424.0,247.761893,1
249.2,251.0,248.15,248.35,39708340.0,611659.0,249.293046,0
247.32,249.41,244.68,248.04,41688982.0,629226.0,247.531759,1
251.48,256.56,249.8,255.41,55969234.0,771970.0,254.616271,1
259.17,261.95,258.21,258.27,49648271.0,698663.0,259.87687,0
257.65,258.855,254.51,256.44,41287971.0,620112.0,256.163807,1
258.0,259.65,254.41,258.28,67253009.0,923855.0,257.435337,1
255.165,261.8999,252.18,259.48,92443408.0,1003197.0,257.314309,1
260.03,270.49,259.205,270.01,73913425.0,916103.0,266.41686,0
269.2,271.875,267.61,269.48,64394655.0,806130.0,269.684498,1
272.285,278.95,272.285,276.49,90545710.0,1099346.0,276.108776,0
278.13,279.5,273.23,275.91,52977441.0,833540.0,275.657966,1
277.12,280.905,276.925,278.12,50453414.0,801994.0,278.654438,0
277.905,278.2,271.7,274.62,44623396.0,728418.0,273.907223,0
274.885,275.37,272.94,273.68,34376898.0,516013.0,273.912411,1
274.695,280.18,274.45,275.5,51931283.0,789523.0,277.12546,0
275.59,275.72,260.18,261.73,81077229.0,1034376.0,264.353273,0
262.01,262.23,255.45,255.78,56290673.0,768655.0,257.894629,1
258.05,266.29,255.54,263.88,58469094.0,781752.0,262.293107,1
263.6,266.82,262.45,264.35,34203337.0,547326.0,264.62366,0
262.6,264.48,260.05,260.58,30845294.0,510022.0,261.777992,1
258.97,264.75,258.16,264.58,42070499.0,631324.0,262.687785,1
263.49,269.43,263.381,266.18,37485756.0,667289.0,266.560493,1
267.86,274.89,267.71,272.14,47170799.0,651152.0,272.551705,1
271.78,274.94,271.05,274.23,33872816.0,584207.0,273.764144,0
274.945,276.11,270.795,272.95,32503510.0,607281.0,272.73557,0
272.81,272.81,262.89,264.18,72529622.0,768081.0,265.602793,1
262.41,266.53,260.2,264.72,42020588.0,705079.0,264.48285,0
263.48,265.56,260.13,263.75,38686890.0,627107.0,263.132491,0
264.65,266.15,261.42,262.52,39959953.0,637658.0,263.290257,0
260.79,261.555,257.25,260.29,49818541.0,758529.0,259.702323,0
258.63,258.77,254.37,257.46,41273884.0,621156.0,256.978693,1
255.69,261.15,253.6805,259.88,38398591.0,690562.0,258.003938,1
257.645,262.48,256.95,260.83,30750595.0,571024.0,260.679291,0
261.09,262.13,259.55,260.81,26372593.0,493478.0,260.680771,0
258.66,258.95,254.18,255.76,40952141.0,664408.0,255.714195,0
255.48,256.33,249.52,250.12,37092748.0,664343.0,251.845311,1
252.105,253.885,249.88,252.82,32254050.0,614630.0,252.767518,1
252.955,255.13,252.18,254.23,32510780.0,482574.0,254.163576,0
252.625,254.94,249.0,249.94,35915193.0,566867.0,250.898449,0
249.4,251.83,247.3,248.96,35019905.0,609140.0,249.133933,0
247.975,249.1999,246.0,247.99,88492140.0,637593.0,248.002564,1
253.97,254.6,250.28,251.49,40725811.0,692644.0,251.934488,1
250.35,254.825,249.55,251.64,45304131.0,552930.0,252.444218,1
254.095,255.0,251.6,252.62,28626412.0,534621.0,253.12745,1
252.115,257.0,250.77,252.89,41948926.0,686731.0,254.179043,0
253.9,255.493,248.07,248.8,48058120.0,731187.0,251.041752,0
250.07,250.87,245.51,246.63,39622901.0,674542.0,246.869425,1
247.91,255.48,247.101,253.79,49749647.0,678628.0,252.302046,1
254.08,256.18,253.33,255.63,40214210.0,616606.0,255.022473,1
254.2,256.13,250.65,255.92,31436918.0,533471.0,254.604641,1
256.51,262.16,256.46,258.86,29515075.0,561322.0,259.123609,0
256.155,256.2,245.7,253.5,62320464.0,986242.0,250.651942,1
258.45,259.7499,256.53,258.9,41185418.0,692208.0,258.267869,1
259.0,261.12,256.07,260.49,28265531.0,500536.0,259.446868,0
259.98,262.19,259.0231,260.48,31442238.0,514098.0,260.423995,0
259.73,260.18,256.66,259.2,36408224.0,578552.0,258.333648,0
259.245,261.93,257.19,258.83,48524835.0,661816.0,258.821886,1
258.16,266.56,257.81,266.43,50072607.0,728560.0,264.032081,0
266.8,267.16,261.27,263.4,43478258.0,635080.0,263.375152,1
266.96,272.3,266.72,270.23,61597694.0,723488.0,269.811713,1
270.33,274.275,270.29,273.05,36649162.0,541181.0,272.793799,0
271.5,272.8,265.4,266.17,50375502.0,710353.0,267.610166,1
267.82,273.74,266.87,273.17,43403761.0,607164.0,271.943797,1
275.045,275.77,271.65,273.43,33551842.0,551288.0,273.630131,0
272.755,273.06,269.65,271.06,38318683.0,593309.0,270.912679,0
266.09,268.36,265.07,267.61,41535873.0,521959.0,267.134397,1
272.335,273.23,268.66,270.71,40172718.0,579993.0,270.572016,0
267.55,271.04,267.04,270.17,30201056.0,511789.0,269.634794,1
270.5,276.0,268.14,271.35,92016751.0,965494.0,271.910943,1
278.855,287.22,278.37,280.14,80105508.0,1301741.0,282.456884,0
279.655,280.63,274.8601,276.83,46845300.0,768306.0,276.916261,1
276.925,284.57,276.501,284.18,49478504.0,779580.0,282.316227,1
281.915,288.03,281.07,287.51,58505958.0,839684.0,286.24898,0
289.27,292.13,285.78,287.44,45390735.0,776365.0,288.89505,1
290.01,294.76,290.0,293.32,52883906.0,790657.0,293.146336,0
291.979,293.88,290.23,292.68,42447512.0,712441.0,292.179992,1
292.56,295.27,292.56,294.8,45915100.0,718397.0,294.261156,1
293.5,300.92,293.5,298.87,52854874.0,777464.0,298.284187,0
299.82,300.45,295.38,298.21,35497001.0,666775.0,298.26533,1
297.9,303.2,296.52,300.23,55041205.0,777324.0,300.404077,0
300.24,300.66,294.91,297.84,34681425.0,732940.0,297.258714,1
296.97,300.51,296.35,298.97,42407713.0,640857.0,298.385732,1
298.18,302.8,298.08,302.25,38392499.0,653718.0,301.052478,1
301.055,305.54,300.4,304.99,43130643.0,654038.0,303.961278,1
306.12,311.4,305.84,308.82,43850433.0,754581.0,309.151302,0
309.56,311.82,307.67,308.33,48211426.0,761571.0,309.544399,1
308.33,313.26,308.3,310.85,50602317.0,753860.0,311.067071,1
310.68,312.8,309.57,312.51,48391247.0,715721.0,311.510893,0
311.775,315.0,309.53,312.06,70201217.0,764555.0,312.007885,0
309.625,310.94,305.02,306.31,49067433.0,904768.0,307.385385,1
307.46,315.45,306.685,315.2,44713169.0,821440.0,313.143117,0
314.175,316.94,308.85,310.26,51012180.0,852323.0,311.581046,1
313.23,313.54,309.65,311.23,45035886.0,760636.0,311.264984,0
312.86,315.17,307.15,307.34,65490996.0,1048515.0,310.528004,0
308.739,317.4,301.17,301.54,78172037.0,1327372.0,307.935739,0
300.275,300.75,287.78,290.55,70285528.0,1333467.0,292.082019,1
290.74,294.75,287.38,291.58,52993052.0,993577.0,291.34415,1
293.72,297.0,289.59,295.63,42760915.0,833140.0,294.111279,0
296.03,297.14,289.62,291.13,38970821.0,830866.0,291.579339,1
294.12,297.78,291.7,296.42,45931352.0,792074.0,296.015019,1
295.245,300.48,293.97,299.24,40039926.0,767541.0,298.486668,0
300.845,302.07,294.36,295.95,42907686.0,722928.0,297.116837,1
298.11,300.57,295.62,298.01,86421905.0,747248.0,298.101016,0
297.31,302.42,296.76,297.01,45089193.0,812603.0,298.764848,0
297.538,301.64,294.18,294.3,52179625.0,936805.0,296.930588,0
295.355,299.7,292.94,293.08,53319698.0,927710.0,294.973292,0
287.4,288.8,273.75,275.15,107450336.0,1767825.0,277.417311,1
275.0,285.95,274.21,283.78,261946552.0,1555161.0,281.968262,0
286.73,288.3697,279.85,281.74,66820039.0,1051051.0,282.092123,1
281.17,289.94,280.695,289.36,65405945.0,843955.0,288.090878,1
293.44,296.59,289.195,294.38,50332267.0,894850.0,294.066401,1
294.12,309.42,293.68,308.63,75580907.0,1148466.0,306.549912,1
307.36,314.2,307.0,312.66,53865529.0,967723.0,312.09524,0
315.29,315.48,310.15,310.66,42707382.0,822731.0,312.288489,1
311.91,314.82,307.05,313.39,41535672.0,858950.0,312.176971,1
310.51,316.53,308.16,316.22,48340151.0,768158.0,314.358526,0
314.72,316.91,312.17,315.32,34351809.0,691107.0,314.700376,1
317.015,323.45,315.78,317.31,43508510.0,884511.0,318.316569,0
313.76,316.19,311.91,314.86,36550290.0,724067.0,314.602943,1
317.615,328.73,317.32,327.5,61191301.0,1053423.0,325.824078,1
328.005,334.68,326.79,333.26,63195341.0,1107464.0,331.579432,1
331.98,334.99,329.0006,333.74,63625972.0,1097812.0,332.585082,0
333.505,333.71,323.68,326.59,53712154.0,1023378.0,326.923984,1
323.13,329.6,322.2204,327.74,41539133.0,784236.0,326.950957,0
327.87,328.9995,323.34,325.89,38965572.0,739545.0,325.387213,0
321.73,323.3,319.35,321.66,41050730.0,772184.0,321.143178,1
321.79,334.37,321.62,333.02,47696043.0,980814.0,331.393454,1
334.54,339.57,334.02,336.91,49845014.0,974979.0,336.757133,1
340.03,342.89,335.6,340.08,52061446.0,981344.0,339.216662,0
339.73,344.5699,337.3501,338.19,56298904.0,1020508.0,340.796598,0
333.1,334.75,329.59,333.43,75028386.0,1345352.0,332.622888,0
304.81,310.69,300.0,308.91,132756799.0,2207523.0,304.417163,0
309.58,311.8,302.56,303.42,75314280.0,1388384.0,305.072369,1
302.725,310.42,301.32,309.38,68214703.0,1104228.0,307.682278,1
309.36,311.71,305.67,311.0,49657830.0,959065.0,309.458723,1
314.34,316.2894,309.23,312.41,46342840.0,826544.0,312.517317,1
311.45,314.81,310.74,313.33,34646756.0,718830.0,312.930246,0
306.83,308.26,304.61,308.26,45062553.0,924803.0,306.898128,0
307.75,309.97,302.79,304.91,37688321.0,762383.0,305.47738,0
305.1,305.66,300.57,302.25,41873071.0,880209.0,302.085869,1
304.21,306.0,302.05,305.26,40544601.0,780644.0,304.309727,1
306.0,307.49,304.3,305.93,28442252.0,624270.0,305.784102,0
306.21,307.66,302.939,305.59,38414225.0,766305.0,304.986557,1
307.58,311.49,305.74,310.03,53629117.0,909118.0,309.755472,1
310.14,319.2799,309.6,316.83,50704129.0,903705.0,315.9408,0
317.455,320.28,310.65,311.3,41133622.0,711837.0,314.572076,0
312.05,312.38,307.01,309.35,47080272.0,673254.0,309.872159,1
311.47,313.36,309.97,310.34,35049573.0,831561.0,311.484581,0
310.79,313.59,308.21,309.9,26081057.0,605411.0,309.85971,1
310.3,315.43,308.8001,313.45,34233948.0,660712.0,313.224391,1
310.545,315.4,309.4001,314.58,32626510.0,716398.0,313.49423,1
316.845,322.37,315.4504,319.7,38852398.0,759828.0,319.627208,0
